country_code,country_name_en,country_name_ko,capital,currency,timezone,primary_language,monthly_cost_usd_mid,rent_1br_city_usd,meal_avg_usd,transport_monthly_usd,internet_speed_mbps,internet_reliability,avg_temp_celsius,climate_type,rainy_season,dry_season,coworking_spaces_level,english_level,gpi_rank_2024,nomad_popularity_rank,nomad_visa_available,notes,last_verified,schengen,cost_tier,tax_residency_days,double_tax_treaty_with_kr
ALB,Albania,알바니아,Tirana,ALL,UTC+1,Albanian,1100,500,7,25,80,보통,15,지중해 (해안)/대륙성 (내륙),11월~3월,4월~10월,보통,보통,55,28,Y,공식 디지털 이동근로자(leje unike për punonjës lëvizës digjital) 제도 유지; 최초 1년·갱신 가능·서비스 수수료 4500lek(갱신 2250lek)·e-Albania 서비스 15146 확인; EU 솅겐 비가입; 발칸 반도; 저렴한 유럽 물가; EU 가입 후보국,2026-06-28,N,low,183,N
ARE,UAE (Dubai),아랍에미리트 (두바이),Abu Dhabi / Dubai,AED,UTC+4,Arabic/English,4000,2200,15,80,200,매우높음,28,사막,없음 (드문 강수),10월~5월 (온화),매우높음,매우높음,38,25,Y,"Virtual Working Programme 유지; UAE 공식 포털 2026-03-03 업데이트 기준 1년 self-sponsorship 체류와 월 $3,500 급여요건 유지 확인; 건강보험·medical fitness 필요; 여름 혹서 (45°C+).",2026-05-20,N,high,183,N
ARG,Argentina,아르헨티나,Buenos Aires,ARS,UTC-3,Spanish,1500,550,7,40,152,높음,18,아열대 (BA)/온대,3~4월 (BA),없음,높음,보통,78,22,Y,공식 Argentina.gob.ar 및 Disposición 758/2022 기준 180일 체류 후 동일 기간 1회 연장 가능. 최소소득·USD 수수료는 현재 공식 본문에서 확인되지 않아 확인필요; 환율 혜택; 부에노스아이레스 카페 문화,2026-06-07,N,low,183,N
BGR,Bulgaria,불가리아,Sofia,BGN,UTC+2,Bulgarian,1500,550,7,25,180,매우높음,13,대륙성,봄·가을,여름,보통,보통,40,21,Y,"DN 비자 2025년 12월 20일 공식 출시 유지; 솅겐 가입; 저렴한 유럽 물가; 연 €31,000 소득 요건 (평균) 유지; 솅겐 EES는 2026년 4월 10일부터 전면 운영 중.",2026-05-20,Y,low,183,Y
COL,Colombia (Medellín),콜롬비아 (메데진),Bogotá,COP,UTC-5,Spanish,1600,500,6,30,100,높음,22,열대 고원 (메데진 '영원한 봄'),4~5월·10~11월,1~3월·7~9월,매우높음,보통,130,6,Y,공식 V Nómadas Digitales 유지; 최근 3개월 3 SMLMV 소득 증빙과 최대 2년 체류를 재확인; 메데진 노마드 허브; 저렴한 물가,2026-06-07,N,low,183,N
CPV,Cape Verde,카보베르데,Praia,CVE,UTC-1,Portuguese/Creole,1400,550,7,30,40,보통,25,열대 건조,8월~10월,11월~7월,낮음,낮음,45,26,Y,"공식 e-Residencia Nómadas Digitais 페이지 2026-07-02 재확인 기준 원격근무 비자 카테고리와 필수서류(여권·범죄경력·원격근무 연계·소득증빙·숙소·의료진단서) 유지; 신청/조회 흐름은 현재 ""Em manutenção"" 표기; 세부 소득·수수료·기간·갱신 조건은 공개 본문에서 계속 확인필요; 대서양 섬나라; 한적한 노마드 생활 가능",2026-07-02,N,low,183,Y
CRI,Costa Rica,코스타리카,San José,CRC/USD,UTC-6,Spanish,2500,700,10,60,95,높음,24,열대 몬순,5월~11월,12월~4월,높음,보통,40,16,Y,"Ley 10008 및 Reglamento 43619 기준 디지털 노마드 체류 제도 유지; 월 $3,000 소득·1년+1회 연장·정부 수수료 $100 재확인; 생태 관광 허브",2026-06-07,N,medium,183,N
CZE,Czech Republic,체코,Prague,CZK,UTC+1,Czech,2300,1100,10,30,160,매우높음,10,대륙성,봄·가을,여름,높음,높음,11,13,N,전용 단일 DN 비자는 없지만 체코 정부의 Digital Nomad Program(IT/마케팅 직군 대상 장기비자·거주허가 패스트트랙)은 운영 중; 프라하 인프라 우수; Schengen EES 운영은 2025-10-12 시작 후 2026-04-10 전면 시행 완료(European Commission/eu-LISA).,2026-06-28,Y,medium,183,Y
DEU,Germany,독일,Berlin,EUR,UTC+1,German,3000,1500,15,90,150,매우높음,10,온대 해양성/대륙성,가을~봄,여름,매우높음,매우높음,20,17,N,전용 DN 비자 없음; Freiberufler/자영업 체류허가 활용; 최초 최대 3년·연장 가능 공식 재확인; Schengen EES 운영은 2025-10-12 시작 후 2026-04-10 전면 시행 완료(European Commission/eu-LISA).,2026-06-28,Y,high,183,Y
ESP,Spain,스페인,Madrid,EUR,UTC+1 (mainland) / UTC+0 (Canary Islands),Spanish,2500,1000,13,50,170,매우높음,22,지중해성/대륙성/아열대(카나리아 제도),11월~2월,5월~9월,높음,보통,34,5,Y,"DN 비자 유지; 주한 스페인대사관 Telework visa 안내 기준 해외 신청 비자는 1년 유효하고 스페인 체류 중 신청 시 최대 3년 거주허가 가능; 최소 소득은 스페인 SMI 200%(€2,160) 기준으로 안내됨; Schengen EES는 2026-04-10부터 전면 운영 중.",2026-06-26,Y,medium,183,Y
EST,Estonia,에스토니아,Tallinn,EUR,UTC+2,Estonian,2200,800,12,30,150,매우높음,7,북부 해양성,가을~봄,여름,높음,매우높음,15,12,Y,Digital Nomad Visa 유지; 2026-06 공식 안내 기준 teleworking 소득요건 €3960/월 및 D비자 수수료 €120 재확인; e-Residency 프로그램 유명; Schengen EES는 2026-04-10 전면 시행됨.,2026-06-28,Y,medium,183,N
GEO,Georgia,조지아,Tbilisi,GEL,UTC+4,Georgian,1300,700,7,40,150,높음,14,아열대/대륙성,봄·가을 우기,여름·겨울,높음,보통,71,7,Y,한국인 무비자 1년 체류 가능은 공식 관광청 안내로 재확인. 관광청은 Remotely from Georgia를 팬데믹기 프로젝트로 서술하므로 현행 전용 DN 라우트 상세는 확인필요; 2026-03-01부터 원격근무 포함 취업허가 요건 도입,2026-05-21,N,low,180,N
GRC,Greece,그리스,Athens,EUR,UTC+2,Greek,2000,900,12,50,100,높음,18,지중해성,10월~3월,4월~9월,높음,높음,20,32,Y,"그리스 MFA 안내와 MFA가 연결한 Work From Greece 체크리스트 기준 월 순소득 €3,500 및 비자 €75+행정수수료 €150 재확인; 1년 비자 후 2년 거주허가 갱신 경로 유지; EU 솅겐 회원국; 아테네·크레타 인기; Schengen EES 2026-04-10 전면 시행.",2026-06-27,Y,medium,183,Y
HRV,Croatia,크로아티아,Zagreb,EUR,UTC+1,Croatian,2200,750,12,30,130,높음,14,지중해 (해안)/대륙성 (내륙),가을·겨울,봄·여름,보통,높음,22,15,Y,"DN 체류허가 유지; 2026년 기준 월 소득요건 €3,622.50로 상향 공지; 최대 18개월 체류, 최초 허가가 18개월 미만이면 최대 6개월 연장 가능; 스플리트·두브로브니크 인기; EU 솅겐; Schengen EES 2026-04-10 전면 시행.",2026-06-25,Y,medium,183,N
HUN,Hungary,헝가리,Budapest,HUF,UTC+1,Hungarian,2000,900,9,30,175,매우높음,11,대륙성,봄·가을,여름,높음,높음,50,14,Y,"White Card 유지; 최근 6개월간 월 순소득 €3,000 요건 재확인; 1년 발급 후 1회 연장 가능, 가족동반 불가; 솅겐 지역; Schengen EES 2026-04-10 전면 시행.",2026-06-25,Y,medium,183,Y
IDN,Indonesia (Bali),인도네시아 (발리),Jakarta,IDR,UTC+8 (Bali WITA),Indonesian,2000,650,5,80,150,보통,28,열대 습윤,11월~3월,4월~10월,매우높음,보통,50,2,Y,"이민국 E33G 공식 페이지 기준 1년 체류, 온라인 연장 가능, 스폰서 불요 재확인; 연소득 US$60,000 및 최근 3개월 최소 US$2,000 잔고 요건 명시; 캉구 코워킹 허브",2026-06-29,N,medium,183,Y
JPN,Japan,일본,Tokyo,JPY,UTC+9,Japanese,2800,1200,12,80,200,매우높음,15,온대 (도쿄)/아열대 (후쿠오카),6월~7월 (장마),10월~11월,높음,낮음,9,31,Y,"공식 안내 기준 디지털 노마드 특정활동 비자 유지; 본인 및 동반 배우자·자녀 모두 최대 6개월 체류, 갱신 불가, 출국 후 6개월 뒤 재신청 가능; 연소득 ¥10,000,000 및 체류 전 기간을 덮는 의료보험 요건 재확인; 한국인 90일 무비자 입국",2026-06-29,N,medium,183,Y
KEN,Kenya,케냐,Nairobi,KES,UTC+3,English/Swahili,1500,500,8,50,30,보통,19,열대 고원 (나이로비),3월~5월·10월~12월,1월~2월·6월~9월,보통,매우높음,105,29,Y,"Class N 디지털 노마드 퍼밋 유지; 2026-07-02 공식 eFNS 안내 기준 1년 또는 2년 발급 후 갱신 가능, 최근 3개월 월소득 증빙 및 신청비 $200 + 연간 허가비 $1,000 요구가 계속 명시됨; 정액 최소소득 기준은 여전히 확인필요; 나이로비 기술 허브; 아프리카 신흥 노마드 거점",2026-07-02,N,low,183,Y
MAR,Morocco,모로코,Rabat,MAD,UTC+1,Arabic/French,1000,500,6,30,35,보통,18,지중해/사막,10월~3월,4월~9월,보통,보통,78,24,N,공식 영사 비자 안내 재확인 결과 short/long/transit/border visa 체계만 확인되며 전용 DN 비자는 미확인 유지; 마라케시·아가디르 인기; 관광비자 90일 체류 활용,2026-05-21,N,low,183,N
MEX,Mexico,멕시코,Mexico City,MXN,UTC-6,Spanish,2000,800,6,30,70,보통,18,고원 온대 (CDMX),6월~9월,10월~5월,매우높음,보통,138,8,N,전용 DN 비자 없음; 임시거주비자 활용; 오악사카·플라야델카르멘 인기,2026-05-14,N,medium,183,N
MYS,Malaysia,말레이시아,Kuala Lumpur,MYR,UTC+8,Malay/English,1600,450,5,50,75,높음,27,열대 습윤,연중 산발 (북동 몬순 11~3월),없음,높음,매우높음,10,10,Y,DE Rantau 노마드 비자; 영어 공용어; 코타키나발루·KL 인기,2026-06-28,N,low,182,Y
NLD,Netherlands,네덜란드,Amsterdam,EUR,UTC+1,Dutch,3500,2000,18,100,175,매우높음,11,해양성,연중 (특히 가을~겨울),여름,매우높음,매우높음,18,18,N,전용 DN 비자 없음; IND 자영업 거주허가 경로 유지; 네덜란드 경제에 대한 essential interest 심사와 상공회의소 등록 필요; 신청비 €423; 솅겐 EES는 2026-04-10부터 전면 운영 중.,2026-06-12,Y,high,183,Y
PAN,Panama,파나마,Panama City,USD,UTC-5,Spanish,2500,950,10,50,90,높음,27,열대 습윤,5월~12월,1월~4월,보통,높음,48,19,Y,원격근무 단기체류 비자 제도 유지; 9개월 비자 후 1회 연장 가능; USD 사용; 파나마시티 허브,2026-06-25,N,medium,183,Y
PHL,Philippines,필리핀,Manila,PHP,UTC+8,Filipino/English,1500,450,4,50,94,보통,27,열대 몬순,6월~11월 (태풍),12월~5월,높음,매우높음,94,11,Y,EO No. 86 기준 DNV 제도는 유효하나 최소소득·수수료 등 시행 세부치는 2026-06-06 기준 공식 본문에서 확인되지 않아 확인필요,2026-06-06,N,low,180,Y
PRT,Portugal,포르투갈,Lisbon,EUR,UTC+0,Portuguese,2500,1200,12,45,150,높음,17,지중해성,10월~3월,4월~9월,매우높음,높음,7,4,Y,D8 비자 유지; 포르투갈 비자 포털 기준 remote work / digital nomad temporary stay 및 residency 카테고리 존속; 국가비자 수수료 €110; 솅겐 EES는 2026-04-10부터 전면 운영 중.,2026-06-12,Y,medium,183,Y
PRY,Paraguay,파라과이,Asuncion,PYG,UTC-4,Spanish,1300,550,4,30,119,보통,24,아열대,10월~4월,5월~9월,중간,낮음,확인필요,58,N,전용 DN 비자는 확인되지 않았으나 Migraciones 일반 임시거주 경로는 공식 유지(최대 2년+동일 기간 연장 가능); 일반 요건과 수수료 공지 재확인,2026-06-25,N,low,183,확인필요
QAT,Qatar,카타르,Doha,QAR,UTC+3,Arabic,3200,1800,12,55,11,높음,29,사막,11월~4월(약함),5월~10월,중간,높음,확인필요,912,N,Visit Qatar 공식 비자 안내 2026-07-02 재확인 기준 South Korea 국적은 visa-free entry 대상이며 여권 유효기간 최소 3개월 조건이 안내됨; 공식 관광 비자 페이지에서 전용 디지털 노마드 체류 카테고리는 확인되지 않음(장기 원격근무는 추가 공식 경로 확인필요),2026-07-02,N,high,183,확인필요
ROU,Romania,루마니아,Bucharest,RON,UTC+2,Romanian,1500,650,7,20,230,매우높음,11,대륙성,봄·가을,여름,높음,높음,37,20,Y,eViza/IGI 기준 DN 비자 유지; 최근 6개월 매월 평균총임금 3배 소득 요건; 장기체류비자 수수료 2026-04-27부터 EUR 300; 솅겐/EES 운영국,2026-05-19,Y,low,183,Y
SVN,Slovenia,슬로베니아,Ljubljana,EUR,UTC+1,Slovenian,2000,850,12,50,100,높음,10,온대 대륙성,봄·가을,여름,보통,높음,7,27,Y,디지털 노마드 임시거주허가 유지; 2025-11-21 도입; 최대 1년·연장 불가·만료 후 6개월 뒤 재신청 가능; 충분한 생계수단은 최근 공표 평균 순임금의 2배 기준; 솅겐 EES는 2026-04-10부터 전면 운영 중.,2026-06-12,Y,medium,183,N
THA,Thailand,태국,Bangkok,THB,UTC+7,Thai,1500,700,5,50,150,높음,28,열대 몬순,5월~10월,11월~4월,매우높음,보통,76,3,Y,태국 외교부 DTV 안내 기준 5년 복수입국 유지; 1회 180일+연장 180일; 재정증빙 500000THB,2026-06-25,N,low,180,Y
TWN,Taiwan,대만,Taipei,TWD,UTC+8,Mandarin Chinese,2000,900,10,30,300,매우높음,24,아열대 습윤,5월~9월,10월~4월,높음,보통,30,30,Y,"NDC/BOCA 공식 안내 기준 디지털 노마드 방문비자 유지; 30세 이상 연소득 $40,000 또는 20~29세 $20,000; 공식 포털은 최대 2년 체류 가능으로 안내",2026-06-25,N,medium,183,확인필요
URY,Uruguay,우루과이,Montevideo,UYU,UTC-3,Spanish,2000,800,10,30,160,높음,17,온대 해양성,연중 고른 강수,없음,보통,보통,38,23,Y,공식 gub.uy 기준 디지털 노마드용 임시 신분증(Hoja de identidad provisoria nómada digital) 유지; 180일 미만 체류용이며 온라인/대면 신청 가능; 갱신 시 범죄경력증명·우루과이 예방접종 증빙 요구; 공식 페이지 최종 업데이트는 2026-03-12,2026-06-26,N,medium,183,Y
VNM,Vietnam,베트남,Hanoi,VND,UTC+7,Vietnamese,1000,400,3,30,100,높음,27,열대 몬순,5월~11월 (남부),12월~4월,높음,보통,41,9,N,전용 DN 비자 없음; 공식 evisa.gov.vn 기준 e비자는 최대 90일이며 단수/복수입국 선택이 유지되고 수수료는 단수 $25·복수 $50로 안내됨; 저렴한 물가; 다낭·호치민 인기,2026-06-26,N,low,183,Y
